{"client_meta":{"background_color":{"r":0.9607843160629272,"g":0.9607843160629272,"b":0.9607843160629272,"a":1},"thumbnail_size":{"width":400,"height":271},"render_coordinates":{"x":-4544,"y":-1392.4886474609375,"width":6620.67724609375,"height":4486.48828125}},"file_name":"Competitor Analysis [DIU23] (Copy) (Copia)","developer_related_links":[],"exported_at":"2026-03-11T14:49:23.114Z"}